﻿pos_x,pos_y,rotation,side,designator,mpn,pack,footprint,value,mount_type
111.7,-100.1,90.0,top,BT1,,,Battery_CR1220-Horizontal,LIR1225,tht
114.625,-108.9,0.0,top,C1,,,C_0603_1608Metric,10uF 10V,smt
114.66,-107.35,0.0,top,C2,,,C_0603_1608Metric,100nF 10V,smt
105.9,-95.9,0.0,top,C3,,,C_0603_1608Metric,1uF 10V,smt
106.1375,-91.625,-90.0,top,C4,,,C_0603_1608Metric,10uF 10V,smt
109.325,-95.5,0.0,top,C5,,,C_0603_1608Metric,1uF 10V,smt
104.3,-106.8,0.0,top,D1,TC5050RGBF08-3CJH-AF53A,,LED_RGB_5050-6,LED 5050-6P-GRB,smt
104.2,-91.7,0.0,bottom,D2,,,D_SOD-123F,1N4001,smt
106.25,-105.975,0.0,bottom,J3,,,JST_SH_SM04B-SRSS-TB_1x04-1MP_P1.00mm_Horizontal,Header 2.54mm,smt
116.85,-93.7,180.0,bottom,J4,,,JST_SH_SM04B-SRSS-TB_1x04-1MP_P1.00mm_Horizontal,Header 2.54mm,smt
108.1,-92.7625,90.0,bottom,Q1,,,SOT-23,BC547B,smt
114.65,-105.8,180.0,top,R1,,,R_0603_1608Metric,10k,smt
109.675,-108.6,0.0,top,R10,,,R_0603_1608Metric,82R,smt
111.4,-91.9,180.0,bottom,R11,,,R_0603_1608Metric,120R,smt
101.9,-94.4,-90.0,bottom,R12,,,R_0603_1608Metric,33R,smt
110.25,-101.5,90.0,top,R13,,,R_0603_1608Metric,3.3k,smt
111.75,-103.325,90.0,top,R14,,,R_0603_1608Metric,3.3k,smt
118.0,-108.9,180.0,top,R2,,,R_0603_1608Metric,10k,smt
102.375,-94.4,0.0,top,R3,,,R_0603_1608Metric,10k,smt
111.4,-97.825,-90.0,top,R4,,,R_0603_1608Metric,3.3k,smt
109.85,-97.825,-90.0,top,R5,,,R_0603_1608Metric,3.3k,smt
111.35,-91.575,-90.0,top,R6,,,R_0603_1608Metric,10k,smt
105.475,-94.4,180.0,top,R7,,,R_0603_1608Metric,10k,smt
108.75,-103.25,90.0,top,R8,,,R_0603_1608Metric,120R,smt
108.75,-106.25,90.0,top,R9,,,R_0603_1608Metric,120R,smt
123.875,-106.8,0.0,top,SW1,PTS647SM50SMTR2LFS,,SW_SPST_PTS647_Sx38,PTS647SM50SMTR2LFS,smt
118.2,-106.5,0.0,top,U1,LIS2DH12TR,,LGA-12_2x2mm_P0.5mm,LIS2DH12,smt
103.0375,-91.8,180.0,top,U2,LP4054HB5F,,TSOT-23-5,Li charger 4054,smt
106.435,-100.01,0.0,top,U3,PY32F003F18U6TR,,QFN-20-1EP_3x3mm_P0.4mm_EP1.65x1.65mm,PY32F003F18U6TR,smt
108.7,-92.2,90.0,top,U4,XC6206P332MR,,SOT-23-3,XC6206P332MR,smt
112.425,-97.1,-90.0,top,U5,,,BM7161,BM7161,smt
