﻿Designator,Quantity,Value,Footprint,Package,MPN,DNP,Mount_Type,Description,Manufacturer,Sim.Device,Sim.Pins
"C1, C4",2,10uF 10V,C_0603_1608Metric,,,,smt,,,,
C2,1,100nF 10V,C_0603_1608Metric,,,,smt,,,,
"C3, C5",2,1uF 10V,C_0603_1608Metric,,,,smt,,,,
D1,1,LED 5050-6P-GRB,LED_RGB_5050-6,,TC5050RGBF08-3CJH-AF53A,,smt,"RGB LED, 6 pin package",TCWIN,,
D2,1,1N4001,D_SOD-123F,,,,smt,"Diode, small symbol, filled shape",,D,1=K 2=A
Q1,1,BC547B,SOT-23,,,,smt,"NPN transistor, emitter/base/collector",,,
"R1, R2, R3, R6, R7",5,10k,R_0603_1608Metric,,,,smt,,,,
R10,1,82R,R_0603_1608Metric,,,,smt,,,,
"R11, R8, R9",3,120R,R_0603_1608Metric,,,,smt,,,,
R12,1,33R,R_0603_1608Metric,,,,smt,,,,
"R13, R14, R4, R5",4,3.3k,R_0603_1608Metric,,,,smt,,,,
SW1,1,PTS647SM50SMTR2LFS,SW_SPST_PTS647_Sx38,,PTS647SM50SMTR2LFS,,smt,"Push button switch, generic, two pins", C&K,,
U1,1,LIS2DH12,LGA-12_2x2mm_P0.5mm,,LIS2DH12TR,,smt,"3-Axis Accelerometer, 2/4/8g range, I2C/SPI interface",ST Microelectronics,,
U2,1,Li charger 4054,TSOT-23-5,,LP4054HB5F,,smt,,LOWPOWER,,
U3,1,PY32F003F18U6TR,QFN-20-1EP_3x3mm_P0.4mm_EP1.65x1.65mm,,PY32F003F18U6TR,,smt,,PUYA),,
U4,1,XC6206P332MR,SOT-23-3,,XC6206P332MR,,smt,"Positive 60-250mA Low Dropout Regulator, Fixed Output, SOT-23",Torex,,
